t,x,y,theta1,theta2,d3,phase
0.0502,0.0,0.25,0.585686,1.380811,0.0,start
0.1003,0.0,0.25,0.585686,1.380811,0.0,start
0.1502,0.0,0.25,0.585686,1.380811,0.0,start
0.2003,0.0,0.25,0.585686,1.380811,0.0,start
0.2502,0.0,0.25,0.585686,1.380811,0.0,start
0.3003,0.0,0.25,0.585686,1.380811,0.0,start
0.3503,0.0,0.25,0.585686,1.380811,0.0,start
0.4002,0.0,0.25,0.585686,1.380811,0.0,start
0.4503,0.0,0.25,0.585686,1.380811,0.0,start
0.5003,0.0,0.25,0.585686,1.380811,0.0,start
0.5503,0.0,0.25,0.585686,1.380811,0.0,start
0.6003,0.0,0.25,0.585686,1.380811,0.0,start
0.6502,0.0,0.25,0.585686,1.380811,0.0,start
0.7003,0.0,0.25,0.585686,1.380811,0.0,start
0.7503,0.0,0.25,0.585686,1.380811,0.0,start
0.8003,0.0,0.25,0.585686,1.380811,0.0,start
0.8503,0.0,0.25,0.585686,1.380811,0.0,start
0.9002,0.0,0.25,0.585686,1.380811,0.0,start
0.9503,0.0,0.25,0.585686,1.380811,0.0,start
1.0002,0.0,0.25,0.585686,1.380811,0.0,start
1.0502,-0.05,0.2,0.568212,1.83582,0.0,move_from_home
1.1003,-0.05,0.2,0.568212,1.83582,0.0,move_from_home
1.1503,-0.05,0.2,0.568212,1.83582,0.0,move_from_home
1.2003,-0.05,0.2,0.568212,1.83582,0.0,move_from_home
1.2502,-0.05,0.2,0.568212,1.83582,0.0,move_from_home
1.3003,-0.05,0.2,0.568212,1.83582,0.0,move_from_home
1.3502,-0.05,0.2,0.568212,1.83582,0.0,move_from_home
1.4003,-0.05,0.2,0.568212,1.83582,0.0,move_from_home
1.4504,-0.05,0.2,0.568212,1.83582,0.0,move_from_home
1.5003,-0.05,0.2,0.568212,1.83582,0.0,move_from_home
1.5503,-0.05,0.2,0.568212,1.83582,0.0,move_from_home
1.6002,-0.05,0.2,0.568212,1.83582,0.0,move_from_home
1.6503,-0.05,0.2,0.568212,1.83582,0.0,move_from_home
1.7003,-0.05,0.2,0.568212,1.83582,0.0,move_from_home
1.7503,-0.05,0.2,0.568212,1.83582,0.0,move_from_home
1.8004,-0.05,0.2,0.568212,1.83582,0.0,move_from_home
1.8504,-0.05,0.2,0.568212,1.83582,0.0,move_from_home
1.9004,-0.05,0.2,0.568212,1.83582,0.0,move_from_home
1.9504,-0.05,0.2,0.568212,1.83582,0.0,move_from_home
2.0004,-0.05,0.2,0.568212,1.83582,0.0,move_from_home
2.0503,-0.05,0.2,0.568212,1.83582,0.0,move_from_home
2.1003,-0.05,0.2,0.568212,1.83582,0.0,move_from_home
2.1504,-0.05,0.2,0.568212,1.83582,0.0,move_from_home
2.2003,-0.05,0.2,0.568212,1.83582,0.0,move_from_home
2.2503,-0.05,0.2,0.568212,1.83582,0.0,move_from_home
2.3003,-0.05,0.2,0.568212,1.83582,0.0,move_from_home
2.3502,-0.05,0.2,0.568212,1.83582,0.0,move_from_home
2.4003,-0.05,0.2,0.568212,1.83582,0.0,move_from_home
2.4503,-0.05,0.2,0.568212,1.83582,0.0,move_from_home
2.5003,-0.05,0.2,0.568212,1.83582,0.0,move_from_home
2.5503,-0.05,0.2,0.568212,1.83582,0.0,move_from_home
2.6003,-0.05,0.2,0.568212,1.83582,0.0,move_from_home
2.6503,-0.05,0.2,0.568212,1.83582,0.0,move_from_home
2.7003,-0.05,0.2,0.568212,1.83582,0.0,move_from_home
2.7503,-0.05,0.2,0.568212,1.83582,0.0,move_from_home
2.8004,-0.05,0.2,0.568212,1.83582,0.0,move_from_home
2.8504,-0.05,0.2,0.568212,1.83582,0.0,move_from_home
2.9004,-0.05,0.2,0.568212,1.83582,0.0,move_from_home
2.9502,-0.05,0.2,0.568212,1.83582,0.0,move_from_home
3.0004,-0.05,0.2,0.568212,1.83582,0.0,move_from_home
3.0503,-0.05,0.2,0.568212,1.83582,0.0,move_from_home
3.1003,-0.05,0.2,0.568212,1.83582,0.0,move_from_home
3.1502,-0.05,0.2,0.568212,1.83582,0.0,move_from_home
3.2003,-0.05,0.2,0.568212,1.83582,0.0,move_from_home
3.2503,-0.05,0.2,0.568212,1.83582,0.0,move_from_home
3.3004,-0.05,0.2,0.568212,1.83582,0.0,move_from_home
3.3502,-0.05,0.2,0.568212,1.83582,0.0,move_from_home
3.4002,-0.05,0.2,0.568212,1.83582,0.0,move_from_home
3.4502,-0.05,0.2,0.568212,1.83582,0.0,move_from_home
3.5004,-0.05,0.2,0.568212,1.83582,0.0,move_from_home
3.5503,-0.05,0.2,0.568212,1.83582,0.0,move_from_home
3.6003,-0.05,0.2,0.568212,1.83582,0.0,move_from_home
3.6503,-0.05,0.2,0.568212,1.83582,0.0,move_from_home
3.7003,-0.05,0.2,0.568212,1.83582,0.0,move_from_home
3.7504,-0.05,0.2,0.568212,1.83582,0.0,move_from_home
3.8004,-0.05,0.2,0.568212,1.83582,0.0,move_from_home
3.8504,-0.05,0.2,0.568212,1.83582,0.0,move_from_home
3.9004,-0.05,0.2,0.568212,1.83582,0.0,move_from_home
3.9504,-0.05,0.2,0.568212,1.83582,0.0,move_from_home
4.0004,-0.05,0.2,0.568212,1.83582,0.0,move_from_home
4.0504,-0.05,0.2,0.568212,1.83582,0.0,move_from_home
4.1003,-0.05,0.2,0.568212,1.83582,0.0,move_from_home
4.1504,-0.05,0.2,0.568212,1.83582,0.0,move_from_home
4.2003,-0.05,0.2,0.568212,1.83582,0.0,move_from_home
4.2504,-0.05,0.2,0.568212,1.83582,0.0,move_from_home
4.3004,-0.05,0.2,0.568212,1.83582,0.0,move_from_home
4.3503,-0.05,0.2,0.568212,1.83582,0.0,move_from_home
4.4004,-0.05,0.2,0.568212,1.83582,0.0,move_from_home
4.4504,-0.05,0.2,0.568212,1.83582,0.0,move_from_home
4.5004,-0.05,0.2,0.568212,1.83582,0.0,move_from_home
4.5504,-0.05,0.2,0.568212,1.83582,0.0,move_from_home
4.6004,-0.05,0.2,0.568212,1.83582,0.0,move_from_home
4.6503,-0.05,0.2,0.568212,1.83582,0.0,move_from_home
4.7003,-0.05,0.2,0.568212,1.83582,0.0,move_from_home
4.7504,-0.05,0.2,0.568212,1.83582,0.0,move_from_home
4.8004,-0.05,0.2,0.568212,1.83582,0.0,move_from_home
4.8504,-0.05,0.2,0.568212,1.83582,0.0,move_from_home
4.9004,-0.05,0.2,0.568212,1.83582,0.0,move_from_home
4.9504,-0.05,0.2,0.568212,1.83582,0.0,move_from_home
5.0003,-0.05,0.2,0.568212,1.83582,0.0,move_from_home
5.0503,-0.05,0.2,0.568212,1.83582,0.02,dip_down_c0
5.1004,-0.05,0.2,0.568212,1.83582,0.02,dip_down_c0
5.1504,-0.05,0.2,0.568212,1.83582,0.02,dip_down_c0
5.2004,-0.05,0.2,0.568212,1.83582,0.02,dip_down_c0
5.2504,-0.05,0.2,0.568212,1.83582,0.02,dip_down_c0
5.3003,-0.05,0.2,0.568212,1.83582,0.02,dip_down_c0
5.3504,-0.05,0.2,0.568212,1.83582,0.02,dip_down_c0
5.4004,-0.05,0.2,0.568212,1.83582,0.02,dip_down_c0
5.4504,-0.05,0.2,0.568212,1.83582,0.02,dip_down_c0
5.5004,-0.05,0.2,0.568212,1.83582,0.02,dip_down_c0
5.5503,-0.05,0.2,0.568212,1.83582,0.02,dwell_c0
5.6002,-0.05,0.2,0.568212,1.83582,0.02,dwell_c0
5.6504,-0.05,0.2,0.568212,1.83582,0.02,dwell_c0
5.7004,-0.05,0.2,0.568212,1.83582,0.02,dwell_c0
5.7504,-0.05,0.2,0.568212,1.83582,0.02,dwell_c0
5.8004,-0.05,0.2,0.568212,1.83582,0.02,dwell_c0
5.8504,-0.05,0.2,0.568212,1.83582,0.02,dwell_c0
5.9004,-0.05,0.2,0.568212,1.83582,0.02,dwell_c0
5.9504,-0.05,0.2,0.568212,1.83582,0.02,dwell_c0
6.0002,-0.05,0.2,0.568212,1.83582,0.02,dwell_c0
6.0503,-0.05,0.2,0.568212,1.83582,0.02,dwell_c0
6.1004,-0.05,0.2,0.568212,1.83582,0.02,dwell_c0
6.1502,-0.05,0.2,0.568212,1.83582,0.02,dwell_c0
6.2004,-0.05,0.2,0.568212,1.83582,0.02,dwell_c0
6.2504,-0.05,0.2,0.568212,1.83582,0.02,dwell_c0
6.3002,-0.05,0.2,0.568212,1.83582,0.02,dwell_c0
6.3504,-0.05,0.2,0.568212,1.83582,0.02,dwell_c0
6.4004,-0.05,0.2,0.568212,1.83582,0.02,dwell_c0
6.4504,-0.05,0.2,0.568212,1.83582,0.02,dwell_c0
6.5002,-0.05,0.2,0.568212,1.83582,0.02,dwell_c0
6.5504,-0.05,0.2,0.568212,1.83582,0.02,dwell_c0
6.6004,-0.05,0.2,0.568212,1.83582,0.02,dwell_c0
6.6504,-0.05,0.2,0.568212,1.83582,0.02,dwell_c0
6.7004,-0.05,0.2,0.568212,1.83582,0.02,dwell_c0
6.7504,-0.05,0.2,0.568212,1.83582,0.02,dwell_c0
6.8004,-0.05,0.2,0.568212,1.83582,0.02,dwell_c0
6.8504,-0.05,0.2,0.568212,1.83582,0.02,dwell_c0
6.9004,-0.05,0.2,0.568212,1.83582,0.02,dwell_c0
6.9504,-0.05,0.2,0.568212,1.83582,0.02,dwell_c0
7.0003,-0.05,0.2,0.568212,1.83582,0.02,dwell_c0
7.0504,-0.05,0.2,0.568212,1.83582,0.02,dwell_c0
7.1004,-0.05,0.2,0.568212,1.83582,0.02,dwell_c0
7.1504,-0.05,0.2,0.568212,1.83582,0.02,dwell_c0
7.2004,-0.05,0.2,0.568212,1.83582,0.02,dwell_c0
7.2504,-0.05,0.2,0.568212,1.83582,0.02,dwell_c0
7.3004,-0.05,0.2,0.568212,1.83582,0.02,dwell_c0
7.3502,-0.05,0.2,0.568212,1.83582,0.02,dwell_c0
7.4004,-0.05,0.2,0.568212,1.83582,0.02,dwell_c0
7.4504,-0.05,0.2,0.568212,1.83582,0.02,dwell_c0
7.5004,-0.05,0.2,0.568212,1.83582,0.02,dwell_c0
7.5504,-0.05,0.2,0.568212,1.83582,0.02,dwell_c0
7.6004,-0.05,0.2,0.568212,1.83582,0.02,dwell_c0
7.6504,-0.05,0.2,0.568212,1.83582,0.02,dwell_c0
7.7004,-0.05,0.2,0.568212,1.83582,0.02,dwell_c0
7.7503,-0.05,0.2,0.568212,1.83582,0.02,dwell_c0
7.8004,-0.05,0.2,0.568212,1.83582,0.02,dwell_c0
7.8502,-0.05,0.2,0.568212,1.83582,0.02,dwell_c0
7.9003,-0.05,0.2,0.568212,1.83582,0.02,dwell_c0
7.9503,-0.05,0.2,0.568212,1.83582,0.02,dwell_c0
8.0003,-0.05,0.2,0.568212,1.83582,0.02,dwell_c0
8.0504,-0.05,0.2,0.568212,1.83582,0.02,dwell_c0
8.1004,-0.05,0.2,0.568212,1.83582,0.02,dwell_c0
8.1504,-0.05,0.2,0.568212,1.83582,0.02,dwell_c0
8.2004,-0.05,0.2,0.568212,1.83582,0.02,dwell_c0
8.2504,-0.05,0.2,0.568212,1.83582,0.02,dwell_c0
8.3004,-0.05,0.2,0.568212,1.83582,0.02,dwell_c0
8.3503,-0.05,0.2,0.568212,1.83582,0.02,dwell_c0
8.4004,-0.05,0.2,0.568212,1.83582,0.02,dwell_c0
8.4504,-0.05,0.2,0.568212,1.83582,0.02,dwell_c0
8.5004,-0.05,0.2,0.568212,1.83582,0.02,dwell_c0
8.5504,-0.05,0.2,0.568212,1.83582,0.02,dwell_c0
8.6004,-0.05,0.2,0.568212,1.83582,0.02,dwell_c0
8.6503,-0.05,0.2,0.568212,1.83582,0.02,dwell_c0
8.7004,-0.05,0.2,0.568212,1.83582,0.02,dwell_c0
8.7504,-0.05,0.2,0.568212,1.83582,0.02,dwell_c0
8.8004,-0.05,0.2,0.568212,1.83582,0.02,dwell_c0
8.8504,-0.05,0.2,0.568212,1.83582,0.02,dwell_c0
8.9004,-0.05,0.2,0.568212,1.83582,0.02,dwell_c0
8.9504,-0.05,0.2,0.568212,1.83582,0.02,dwell_c0
9.0003,-0.05,0.2,0.568212,1.83582,0.02,dwell_c0
9.0504,-0.05,0.2,0.568212,1.83582,0.02,dwell_c0
9.1004,-0.05,0.2,0.568212,1.83582,0.02,dwell_c0
9.1504,-0.05,0.2,0.568212,1.83582,0.02,dwell_c0
9.2004,-0.05,0.2,0.568212,1.83582,0.02,dwell_c0
9.2504,-0.05,0.2,0.568212,1.83582,0.02,dwell_c0
9.3004,-0.05,0.2,0.568212,1.83582,0.02,dwell_c0
9.3503,-0.05,0.2,0.568212,1.83582,0.02,dwell_c0
9.4004,-0.05,0.2,0.568212,1.83582,0.02,dwell_c0
9.4504,-0.05,0.2,0.568212,1.83582,0.02,dwell_c0
9.5004,-0.05,0.2,0.568212,1.83582,0.02,dwell_c0
9.5503,-0.05,0.2,0.568212,1.83582,0.0,dip_up_c0
9.6004,-0.05,0.2,0.568212,1.83582,0.0,dip_up_c0
9.6503,-0.05,0.2,0.568212,1.83582,0.0,dip_up_c0
9.7004,-0.05,0.2,0.568212,1.83582,0.0,dip_up_c0
9.7503,-0.05,0.2,0.568212,1.83582,0.0,dip_up_c0
9.8004,-0.05,0.2,0.568212,1.83582,0.0,dip_up_c0
9.8502,-0.045,0.2,0.597163,1.846395,0.0,edge_c0
9.9004,-0.045,0.2,0.597163,1.846395,0.0,edge_c0
9.9504,-0.045,0.2,0.597163,1.846395,0.0,edge_c0
10.0003,-0.045,0.2,0.597163,1.846395,0.0,edge_c0
10.0504,-0.045,0.2,0.597163,1.846395,0.0,edge_c0
10.1004,-0.045,0.2,0.597163,1.846395,0.0,edge_c0
10.1502,-0.04,0.2,0.625816,1.855863,0.0,edge_c0
10.2004,-0.04,0.2,0.625816,1.855863,0.0,edge_c0
10.2502,-0.04,0.2,0.625816,1.855863,0.0,edge_c0
10.3004,-0.04,0.2,0.625816,1.855863,0.0,edge_c0
10.3503,-0.04,0.2,0.625816,1.855863,0.0,edge_c0
10.4004,-0.04,0.2,0.625816,1.855863,0.0,edge_c0
10.4503,-0.035,0.2,0.654146,1.864223,0.0,edge_c0
10.5004,-0.035,0.2,0.654146,1.864223,0.0,edge_c0
10.5504,-0.035,0.2,0.654146,1.864223,0.0,edge_c0
10.6004,-0.035,0.2,0.654146,1.864223,0.0,edge_c0
10.6503,-0.035,0.2,0.654146,1.864223,0.0,edge_c0
10.7004,-0.035,0.2,0.654146,1.864223,0.0,edge_c0
10.7503,-0.03,0.2,0.682127,1.871473,0.0,edge_c0
10.8004,-0.03,0.2,0.682127,1.871473,0.0,edge_c0
10.8503,-0.03,0.2,0.682127,1.871473,0.0,edge_c0
10.9004,-0.03,0.2,0.682127,1.871473,0.0,edge_c0
10.9503,-0.03,0.2,0.682127,1.871473,0.0,edge_c0
11.0004,-0.03,0.2,0.682127,1.871473,0.0,edge_c0
11.0502,-0.025,0.2,0.709731,1.877612,0.0,edge_c0
11.1003,-0.025,0.2,0.709731,1.877612,0.0,edge_c0
11.1504,-0.025,0.2,0.709731,1.877612,0.0,edge_c0
11.2004,-0.025,0.2,0.709731,1.877612,0.0,edge_c0
11.2504,-0.025,0.2,0.709731,1.877612,0.0,edge_c0
11.3004,-0.025,0.2,0.709731,1.877612,0.0,edge_c0
11.3503,-0.02,0.2,0.73693,1.882637,0.0,edge_c0
11.4003,-0.02,0.2,0.73693,1.882637,0.0,edge_c0
11.4503,-0.02,0.2,0.73693,1.882637,0.0,edge_c0
11.5004,-0.02,0.2,0.73693,1.882637,0.0,edge_c0
11.5504,-0.02,0.2,0.73693,1.882637,0.0,edge_c0
11.6004,-0.02,0.2,0.73693,1.882637,0.0,edge_c0
11.6502,-0.015,0.2,0.763694,1.886547,0.0,edge_c0
11.7004,-0.015,0.2,0.763694,1.886547,0.0,edge_c0
11.7503,-0.015,0.2,0.763694,1.886547,0.0,edge_c0
11.8004,-0.015,0.2,0.763694,1.886547,0.0,edge_c0
11.8503,-0.015,0.2,0.763694,1.886547,0.0,edge_c0
11.9004,-0.015,0.2,0.763694,1.886547,0.0,edge_c0
11.9503,-0.01,0.2,0.789992,1.889341,0.0,edge_c0
12.0004,-0.01,0.2,0.789992,1.889341,0.0,edge_c0
12.0504,-0.01,0.2,0.789992,1.889341,0.0,edge_c0
12.1004,-0.01,0.2,0.789992,1.889341,0.0,edge_c0
12.1504,-0.01,0.2,0.789992,1.889341,0.0,edge_c0
12.2002,-0.01,0.2,0.789992,1.889341,0.0,edge_c0
12.2502,-0.005,0.2,0.815794,1.891018,0.0,edge_c0
12.3003,-0.005,0.2,0.815794,1.891018,0.0,edge_c0
12.3503,-0.005,0.2,0.815794,1.891018,0.0,edge_c0
12.4003,-0.005,0.2,0.815794,1.891018,0.0,edge_c0
12.4503,-0.005,0.2,0.815794,1.891018,0.0,edge_c0
12.5003,-0.005,0.2,0.815794,1.891018,0.0,edge_c0
12.5502,0.0,0.2,0.841069,1.891577,0.0,edge_c0
12.6003,0.0,0.2,0.841069,1.891577,0.0,edge_c0
12.6503,0.0,0.2,0.841069,1.891577,0.0,edge_c0
12.7003,0.0,0.2,0.841069,1.891577,0.0,edge_c0
12.7503,0.0,0.2,0.841069,1.891577,0.0,edge_c0
12.8004,0.0,0.2,0.841069,1.891577,0.0,edge_c0
12.8503,0.005,0.2,0.865784,1.891018,0.0,edge_c0
12.9004,0.005,0.2,0.865784,1.891018,0.0,edge_c0
12.9504,0.005,0.2,0.865784,1.891018,0.0,edge_c0
13.0003,0.005,0.2,0.865784,1.891018,0.0,edge_c0
13.0504,0.005,0.2,0.865784,1.891018,0.0,edge_c0
13.1004,0.005,0.2,0.865784,1.891018,0.0,edge_c0
13.1503,0.01,0.2,0.889909,1.889341,0.0,edge_c0
13.2004,0.01,0.2,0.889909,1.889341,0.0,edge_c0
13.2503,0.01,0.2,0.889909,1.889341,0.0,edge_c0
13.3003,0.01,0.2,0.889909,1.889341,0.0,edge_c0
13.3502,0.01,0.2,0.889909,1.889341,0.0,edge_c0
13.4003,0.01,0.2,0.889909,1.889341,0.0,edge_c0
13.4502,0.015,0.2,0.913414,1.886547,0.0,edge_c0
13.5003,0.015,0.2,0.913414,1.886547,0.0,edge_c0
13.5503,0.015,0.2,0.913414,1.886547,0.0,edge_c0
13.6003,0.015,0.2,0.913414,1.886547,0.0,edge_c0
13.6503,0.015,0.2,0.913414,1.886547,0.0,edge_c0
13.7003,0.015,0.2,0.913414,1.886547,0.0,edge_c0
13.7502,0.02,0.2,0.936267,1.882637,0.0,edge_c0
13.8004,0.02,0.2,0.936267,1.882637,0.0,edge_c0
13.8503,0.02,0.2,0.936267,1.882637,0.0,edge_c0
13.9004,0.02,0.2,0.936267,1.882637,0.0,edge_c0
13.9504,0.02,0.2,0.936267,1.882637,0.0,edge_c0
14.0004,0.02,0.2,0.936267,1.882637,0.0,edge_c0
14.0502,0.025,0.2,0.958441,1.877612,0.0,edge_c0
14.1002,0.025,0.2,0.958441,1.877612,0.0,edge_c0
14.1502,0.025,0.2,0.958441,1.877612,0.0,edge_c0
14.2002,0.025,0.2,0.958441,1.877612,0.0,edge_c0
14.2502,0.025,0.2,0.958441,1.877612,0.0,edge_c0
14.3002,0.025,0.2,0.958441,1.877612,0.0,edge_c0
14.3502,0.03,0.2,0.979907,1.871473,0.0,edge_c0
14.4002,0.03,0.2,0.979907,1.871473,0.0,edge_c0
14.4502,0.03,0.2,0.979907,1.871473,0.0,edge_c0
14.5003,0.03,0.2,0.979907,1.871473,0.0,edge_c0
14.5502,0.03,0.2,0.979907,1.871473,0.0,edge_c0
14.6002,0.03,0.2,0.979907,1.871473,0.0,edge_c0
14.6503,0.035,0.2,1.000638,1.864223,0.0,edge_c0
14.7003,0.035,0.2,1.000638,1.864223,0.0,edge_c0
14.7503,0.035,0.2,1.000638,1.864223,0.0,edge_c0
14.8004,0.035,0.2,1.000638,1.864223,0.0,edge_c0
14.8504,0.035,0.2,1.000638,1.864223,0.0,edge_c0
14.9004,0.035,0.2,1.000638,1.864223,0.0,edge_c0
14.9502,0.04,0.2,1.020608,1.855863,0.0,edge_c0
15.0004,0.04,0.2,1.020608,1.855863,0.0,edge_c0
15.0503,0.04,0.2,1.020608,1.855863,0.0,edge_c0
15.1003,0.04,0.2,1.020608,1.855863,0.0,edge_c0
15.1503,0.04,0.2,1.020608,1.855863,0.0,edge_c0
15.2003,0.04,0.2,1.020608,1.855863,0.0,edge_c0
15.2502,0.045,0.2,1.039792,1.846395,0.0,edge_c0
15.3003,0.045,0.2,1.039792,1.846395,0.0,edge_c0
15.3503,0.045,0.2,1.039792,1.846395,0.0,edge_c0
15.4002,0.045,0.2,1.039792,1.846395,0.0,edge_c0
15.4502,0.045,0.2,1.039792,1.846395,0.0,edge_c0
15.5003,0.045,0.2,1.039792,1.846395,0.0,edge_c0
15.5502,0.05,0.2,1.058169,1.83582,0.0,edge_c0
15.6002,0.05,0.2,1.058169,1.83582,0.0,edge_c0
15.6502,0.05,0.2,1.058169,1.83582,0.0,edge_c0
15.7002,0.05,0.2,1.058169,1.83582,0.0,edge_c0
15.7502,0.05,0.2,1.058169,1.83582,0.0,edge_c0
15.8004,0.05,0.2,1.058169,1.83582,0.0,edge_c0
15.8504,0.05,0.2,1.058169,1.83582,0.0,edge_c0
15.9003,0.05,0.2,1.058169,1.83582,0.0,edge_c0
15.9504,0.05,0.2,1.058169,1.83582,0.0,edge_c0
16.0002,0.05,0.2,1.058169,1.83582,0.0,edge_c0
16.0503,0.05,0.2,1.058169,1.83582,0.0,edge_c0
16.1003,0.05,0.2,1.058169,1.83582,0.0,edge_c0
16.1503,0.05,0.2,1.058169,1.83582,0.0,edge_c0
16.2003,0.05,0.2,1.058169,1.83582,0.0,edge_c0
16.2503,0.05,0.2,1.058169,1.83582,0.0,edge_c0
16.3003,0.05,0.2,1.058169,1.83582,0.0,edge_c0
16.3502,0.05,0.2,1.058169,1.83582,0.0,edge_c0
16.4002,0.05,0.2,1.058169,1.83582,0.0,edge_c0
16.4503,0.05,0.2,1.058169,1.83582,0.0,edge_c0
16.5002,0.05,0.2,1.058169,1.83582,0.0,edge_c0
16.5503,0.05,0.2,1.058169,1.83582,0.0,edge_c0
16.6002,0.05,0.2,1.058169,1.83582,0.0,edge_c0
16.6502,0.05,0.2,1.058169,1.83582,0.0,edge_c0
16.7002,0.05,0.2,1.058169,1.83582,0.0,edge_c0
16.7503,0.05,0.2,1.058169,1.83582,0.0,edge_c0
16.8003,0.05,0.2,1.058169,1.83582,0.0,edge_c0
16.8503,0.05,0.2,1.058169,1.83582,0.0,edge_c0
16.9003,0.05,0.2,1.058169,1.83582,0.0,edge_c0
16.9503,0.05,0.2,1.058169,1.83582,0.0,edge_c0
17.0003,0.05,0.2,1.058169,1.83582,0.0,edge_c0
17.0503,0.05,0.2,1.058169,1.83582,0.0,edge_c0
17.1002,0.05,0.2,1.058169,1.83582,0.0,edge_c0
17.1503,0.05,0.2,1.058169,1.83582,0.0,edge_c0
17.2003,0.05,0.2,1.058169,1.83582,0.0,edge_c0
17.2503,0.05,0.2,1.058169,1.83582,0.0,edge_c0
17.3003,0.05,0.2,1.058169,1.83582,0.0,edge_c0
17.3503,0.05,0.2,1.058169,1.83582,0.0,edge_c0
17.4003,0.05,0.2,1.058169,1.83582,0.0,edge_c0
17.4503,0.05,0.2,1.058169,1.83582,0.0,edge_c0
17.5003,0.05,0.2,1.058169,1.83582,0.0,edge_c0
17.5503,0.05,0.2,1.058169,1.83582,0.0,edge_c0
17.6003,0.05,0.2,1.058169,1.83582,0.0,edge_c0
17.6503,0.05,0.2,1.058169,1.83582,0.0,edge_c0
17.7003,0.05,0.2,1.058169,1.83582,0.0,edge_c0
17.7502,0.05,0.2,1.058169,1.83582,0.0,edge_c0
17.8003,0.05,0.2,1.058169,1.83582,0.0,edge_c0
17.8503,0.05,0.2,1.058169,1.83582,0.0,edge_c0
17.9003,0.05,0.2,1.058169,1.83582,0.0,edge_c0
17.9502,0.05,0.2,1.058169,1.83582,0.0,edge_c0
18.0002,0.05,0.2,1.058169,1.83582,0.0,edge_c0
18.0502,0.05,0.2,1.058169,1.83582,0.0,edge_c0
18.1003,0.05,0.2,1.058169,1.83582,0.0,edge_c0
18.1502,0.05,0.2,1.058169,1.83582,0.0,edge_c0
18.2003,0.05,0.2,1.058169,1.83582,0.0,edge_c0
18.2502,0.05,0.2,1.058169,1.83582,0.0,edge_c0
18.3002,0.05,0.2,1.058169,1.83582,0.0,edge_c0
18.3503,0.05,0.2,1.058169,1.83582,0.0,edge_c0
18.4003,0.05,0.2,1.058169,1.83582,0.0,edge_c0
18.4503,0.05,0.2,1.058169,1.83582,0.0,edge_c0
18.5003,0.05,0.2,1.058169,1.83582,0.0,edge_c0
18.5502,0.05,0.2,1.058169,1.83582,0.0,edge_c0
18.6003,0.05,0.2,1.058169,1.83582,0.0,edge_c0
18.6503,0.05,0.2,1.058169,1.83582,0.0,edge_c0
18.7003,0.05,0.2,1.058169,1.83582,0.0,edge_c0
18.7503,0.05,0.2,1.058169,1.83582,0.0,edge_c0
18.8003,0.05,0.2,1.058169,1.83582,0.0,edge_c0
18.8504,0.05,0.2,1.058169,1.83582,0.0,edge_c0
18.9004,0.05,0.2,1.058169,1.83582,0.0,edge_c0
18.9503,0.05,0.2,1.058169,1.83582,0.0,edge_c0
19.0002,0.05,0.2,1.058169,1.83582,0.0,edge_c0
19.0503,0.05,0.2,1.058169,1.83582,0.0,edge_c0
19.1003,0.05,0.2,1.058169,1.83582,0.0,edge_c0
19.1503,0.05,0.2,1.058169,1.83582,0.0,edge_c0
19.2002,0.05,0.2,1.058169,1.83582,0.0,edge_c0
19.2503,0.05,0.2,1.058169,1.83582,0.0,edge_c0
19.3002,0.05,0.2,1.058169,1.83582,0.0,edge_c0
19.3503,0.05,0.2,1.058169,1.83582,0.0,edge_c0
19.4003,0.05,0.2,1.058169,1.83582,0.0,edge_c0
19.4502,0.05,0.2,1.058169,1.83582,0.0,edge_c0
19.5003,0.05,0.2,1.058169,1.83582,0.0,edge_c0
19.5502,0.05,0.2,1.058169,1.83582,0.02,dip_down_c1
19.6002,0.05,0.2,1.058169,1.83582,0.02,dip_down_c1
19.6503,0.05,0.2,1.058169,1.83582,0.02,dip_down_c1
19.7002,0.05,0.2,1.058169,1.83582,0.02,dip_down_c1
19.7502,0.05,0.2,1.058169,1.83582,0.02,dip_down_c1
19.8003,0.05,0.2,1.058169,1.83582,0.02,dip_down_c1
19.8503,0.05,0.2,1.058169,1.83582,0.02,dip_down_c1
19.9004,0.05,0.2,1.058169,1.83582,0.02,dip_down_c1
19.9504,0.05,0.2,1.058169,1.83582,0.02,dip_down_c1
20.0002,0.05,0.2,1.058169,1.83582,0.02,dip_down_c1
20.0502,0.05,0.2,1.058169,1.83582,0.02,dwell_c1
20.1002,0.05,0.2,1.058169,1.83582,0.02,dwell_c1
20.1503,0.05,0.2,1.058169,1.83582,0.02,dwell_c1
20.2003,0.05,0.2,1.058169,1.83582,0.02,dwell_c1
20.2503,0.05,0.2,1.058169,1.83582,0.02,dwell_c1
20.3003,0.05,0.2,1.058169,1.83582,0.02,dwell_c1
20.3503,0.05,0.2,1.058169,1.83582,0.02,dwell_c1
20.4003,0.05,0.2,1.058169,1.83582,0.02,dwell_c1
20.4503,0.05,0.2,1.058169,1.83582,0.02,dwell_c1
20.5002,0.05,0.2,1.058169,1.83582,0.02,dwell_c1
20.5502,0.05,0.2,1.058169,1.83582,0.02,dwell_c1
20.6002,0.05,0.2,1.058169,1.83582,0.02,dwell_c1
20.6502,0.05,0.2,1.058169,1.83582,0.02,dwell_c1
20.7003,0.05,0.2,1.058169,1.83582,0.02,dwell_c1
20.7503,0.05,0.2,1.058169,1.83582,0.02,dwell_c1
20.8004,0.05,0.2,1.058169,1.83582,0.02,dwell_c1
20.8504,0.05,0.2,1.058169,1.83582,0.02,dwell_c1
20.9004,0.05,0.2,1.058169,1.83582,0.02,dwell_c1
20.9504,0.05,0.2,1.058169,1.83582,0.02,dwell_c1
21.0002,0.05,0.2,1.058169,1.83582,0.02,dwell_c1
21.0502,0.05,0.2,1.058169,1.83582,0.02,dwell_c1
21.1003,0.05,0.2,1.058169,1.83582,0.02,dwell_c1
21.1502,0.05,0.2,1.058169,1.83582,0.02,dwell_c1
21.2002,0.05,0.2,1.058169,1.83582,0.02,dwell_c1
21.2503,0.05,0.2,1.058169,1.83582,0.02,dwell_c1
21.3003,0.05,0.2,1.058169,1.83582,0.02,dwell_c1
21.3503,0.05,0.2,1.058169,1.83582,0.02,dwell_c1
21.4003,0.05,0.2,1.058169,1.83582,0.02,dwell_c1
21.4503,0.05,0.2,1.058169,1.83582,0.02,dwell_c1
21.5003,0.05,0.2,1.058169,1.83582,0.02,dwell_c1
21.5503,0.05,0.2,1.058169,1.83582,0.02,dwell_c1
21.6002,0.05,0.2,1.058169,1.83582,0.02,dwell_c1
21.6503,0.05,0.2,1.058169,1.83582,0.02,dwell_c1
21.7003,0.05,0.2,1.058169,1.83582,0.02,dwell_c1
21.7503,0.05,0.2,1.058169,1.83582,0.02,dwell_c1
21.8004,0.05,0.2,1.058169,1.83582,0.02,dwell_c1
21.8504,0.05,0.2,1.058169,1.83582,0.02,dwell_c1
21.9003,0.05,0.2,1.058169,1.83582,0.02,dwell_c1
21.9504,0.05,0.2,1.058169,1.83582,0.02,dwell_c1
22.0002,0.05,0.2,1.058169,1.83582,0.02,dwell_c1
22.0502,0.05,0.2,1.058169,1.83582,0.02,dwell_c1
22.1003,0.05,0.2,1.058169,1.83582,0.02,dwell_c1
22.1503,0.05,0.2,1.058169,1.83582,0.02,dwell_c1
22.2003,0.05,0.2,1.058169,1.83582,0.02,dwell_c1
22.2502,0.05,0.2,1.058169,1.83582,0.02,dwell_c1
22.3003,0.05,0.2,1.058169,1.83582,0.02,dwell_c1
22.3503,0.05,0.2,1.058169,1.83582,0.02,dwell_c1
22.4003,0.05,0.2,1.058169,1.83582,0.02,dwell_c1
22.4503,0.05,0.2,1.058169,1.83582,0.02,dwell_c1
22.5003,0.05,0.2,1.058169,1.83582,0.02,dwell_c1
22.5503,0.05,0.2,1.058169,1.83582,0.02,dwell_c1
22.6002,0.05,0.2,1.058169,1.83582,0.02,dwell_c1
22.6502,0.05,0.2,1.058169,1.83582,0.02,dwell_c1
22.7003,0.05,0.2,1.058169,1.83582,0.02,dwell_c1
22.7502,0.05,0.2,1.058169,1.83582,0.02,dwell_c1
22.8004,0.05,0.2,1.058169,1.83582,0.02,dwell_c1
22.8504,0.05,0.2,1.058169,1.83582,0.02,dwell_c1
22.9003,0.05,0.2,1.058169,1.83582,0.02,dwell_c1
22.9504,0.05,0.2,1.058169,1.83582,0.02,dwell_c1
23.0004,0.05,0.2,1.058169,1.83582,0.02,dwell_c1
23.0503,0.05,0.2,1.058169,1.83582,0.02,dwell_c1
23.1003,0.05,0.2,1.058169,1.83582,0.02,dwell_c1
23.1502,0.05,0.2,1.058169,1.83582,0.02,dwell_c1
23.2002,0.05,0.2,1.058169,1.83582,0.02,dwell_c1
23.2502,0.05,0.2,1.058169,1.83582,0.02,dwell_c1
23.3003,0.05,0.2,1.058169,1.83582,0.02,dwell_c1
23.3503,0.05,0.2,1.058169,1.83582,0.02,dwell_c1
23.4003,0.05,0.2,1.058169,1.83582,0.02,dwell_c1
23.4503,0.05,0.2,1.058169,1.83582,0.02,dwell_c1
23.5003,0.05,0.2,1.058169,1.83582,0.02,dwell_c1
23.5504,0.05,0.2,1.058169,1.83582,0.02,dwell_c1
23.6002,0.05,0.2,1.058169,1.83582,0.02,dwell_c1
23.6504,0.05,0.2,1.058169,1.83582,0.02,dwell_c1
23.7003,0.05,0.2,1.058169,1.83582,0.02,dwell_c1
23.7502,0.05,0.2,1.058169,1.83582,0.02,dwell_c1
23.8004,0.05,0.2,1.058169,1.83582,0.02,dwell_c1
23.8504,0.05,0.2,1.058169,1.83582,0.02,dwell_c1
23.9004,0.05,0.2,1.058169,1.83582,0.02,dwell_c1
23.9504,0.05,0.2,1.058169,1.83582,0.02,dwell_c1
24.0004,0.05,0.2,1.058169,1.83582,0.02,dwell_c1
24.0502,0.05,0.2,1.058169,1.83582,0.0,dip_up_c1
24.1003,0.05,0.2,1.058169,1.83582,0.0,dip_up_c1
24.1502,0.05,0.2,1.058169,1.83582,0.0,dip_up_c1
24.2003,0.05,0.2,1.058169,1.83582,0.0,dip_up_c1
24.2503,0.05,0.2,1.058169,1.83582,0.0,dip_up_c1
24.3003,0.05,0.2,1.058169,1.83582,0.0,dip_up_c1
24.3503,0.05,0.205,1.029908,1.790792,0.0,edge_c1
24.4002,0.05,0.205,1.029908,1.790792,0.0,edge_c1
24.4503,0.05,0.205,1.029908,1.790792,0.0,edge_c1
24.5003,0.05,0.205,1.029908,1.790792,0.0,edge_c1
24.5503,0.05,0.205,1.029908,1.790792,0.0,edge_c1
24.6003,0.05,0.205,1.029908,1.790792,0.0,edge_c1
24.6503,0.05,0.21,1.00136,1.744673,0.0,edge_c1
24.7003,0.05,0.21,1.00136,1.744673,0.0,edge_c1
24.7502,0.05,0.21,1.00136,1.744673,0.0,edge_c1
24.8004,0.05,0.21,1.00136,1.744673,0.0,edge_c1
24.8504,0.05,0.21,1.00136,1.744673,0.0,edge_c1
24.9004,0.05,0.21,1.00136,1.744673,0.0,edge_c1
24.9504,0.05,0.215,0.972459,1.697363,0.0,edge_c1
25.0004,0.05,0.215,0.972459,1.697363,0.0,edge_c1
25.0504,0.05,0.215,0.972459,1.697363,0.0,edge_c1
25.1003,0.05,0.215,0.972459,1.697363,0.0,edge_c1
25.1503,0.05,0.215,0.972459,1.697363,0.0,edge_c1
25.2003,0.05,0.215,0.972459,1.697363,0.0,edge_c1
25.2503,0.05,0.22,0.94313,1.648746,0.0,edge_c1
25.3003,0.05,0.22,0.94313,1.648746,0.0,edge_c1
25.3503,0.05,0.22,0.94313,1.648746,0.0,edge_c1
25.4003,0.05,0.22,0.94313,1.648746,0.0,edge_c1
25.4504,0.05,0.22,0.94313,1.648746,0.0,edge_c1
25.5003,0.05,0.22,0.94313,1.648746,0.0,edge_c1
25.5503,0.05,0.225,0.913291,1.598685,0.0,edge_c1
25.6003,0.05,0.225,0.913291,1.598685,0.0,edge_c1
25.6503,0.05,0.225,0.913291,1.598685,0.0,edge_c1
25.7002,0.05,0.225,0.913291,1.598685,0.0,edge_c1
25.7503,0.05,0.225,0.913291,1.598685,0.0,edge_c1
25.8004,0.05,0.225,0.913291,1.598685,0.0,edge_c1
25.8502,0.05,0.23,0.882849,1.547016,0.0,edge_c1
25.9004,0.05,0.23,0.882849,1.547016,0.0,edge_c1
25.9504,0.05,0.23,0.882849,1.547016,0.0,edge_c1
26.0004,0.05,0.23,0.882849,1.547016,0.0,edge_c1
26.0504,0.05,0.23,0.882849,1.547016,0.0,edge_c1
26.1004,0.05,0.23,0.882849,1.547016,0.0,edge_c1
26.1503,0.05,0.235,0.851694,1.493547,0.0,edge_c1
26.2003,0.05,0.235,0.851694,1.493547,0.0,edge_c1
26.2504,0.05,0.235,0.851694,1.493547,0.0,edge_c1
26.3004,0.05,0.235,0.851694,1.493547,0.0,edge_c1
26.3502,0.05,0.235,0.851694,1.493547,0.0,edge_c1
26.4004,0.05,0.235,0.851694,1.493547,0.0,edge_c1
26.4503,0.05,0.24,0.819696,1.438041,0.0,edge_c1
26.5003,0.05,0.24,0.819696,1.438041,0.0,edge_c1
26.5504,0.05,0.24,0.819696,1.438041,0.0,edge_c1
26.6004,0.05,0.24,0.819696,1.438041,0.0,edge_c1
26.6504,0.05,0.24,0.819696,1.438041,0.0,edge_c1
26.7003,0.05,0.24,0.819696,1.438041,0.0,edge_c1
26.7502,0.05,0.245,0.786701,1.380207,0.0,edge_c1
26.8004,0.05,0.245,0.786701,1.380207,0.0,edge_c1
26.8504,0.05,0.245,0.786701,1.380207,0.0,edge_c1
26.9004,0.05,0.245,0.786701,1.380207,0.0,edge_c1
26.9504,0.05,0.245,0.786701,1.380207,0.0,edge_c1
27.0004,0.05,0.245,0.786701,1.380207,0.0,edge_c1
27.0504,0.05,0.25,0.752517,1.319682,0.0,edge_c1
27.1004,0.05,0.25,0.752517,1.319682,0.0,edge_c1
27.1504,0.05,0.25,0.752517,1.319682,0.0,edge_c1
27.2004,0.05,0.25,0.752517,1.319682,0.0,edge_c1
27.2504,0.05,0.25,0.752517,1.319682,0.0,edge_c1
27.3004,0.05,0.25,0.752517,1.319682,0.0,edge_c1
27.3502,0.05,0.255,0.7169,1.255995,0.0,edge_c1
27.4003,0.05,0.255,0.7169,1.255995,0.0,edge_c1
27.4504,0.05,0.255,0.7169,1.255995,0.0,edge_c1
27.5004,0.05,0.255,0.7169,1.255995,0.0,edge_c1
27.5504,0.05,0.255,0.7169,1.255995,0.0,edge_c1
27.6004,0.05,0.255,0.7169,1.255995,0.0,edge_c1
27.6503,0.05,0.26,0.679533,1.18853,0.0,edge_c1
27.7004,0.05,0.26,0.679533,1.18853,0.0,edge_c1
27.7504,0.05,0.26,0.679533,1.18853,0.0,edge_c1
27.8002,0.05,0.26,0.679533,1.18853,0.0,edge_c1
27.8504,0.05,0.26,0.679533,1.18853,0.0,edge_c1
27.9004,0.05,0.26,0.679533,1.18853,0.0,edge_c1
27.9503,0.05,0.265,0.639987,1.11644,0.0,edge_c1
28.0003,0.05,0.265,0.639987,1.11644,0.0,edge_c1
28.0504,0.05,0.265,0.639987,1.11644,0.0,edge_c1
28.1004,0.05,0.265,0.639987,1.11644,0.0,edge_c1
28.1504,0.05,0.265,0.639987,1.11644,0.0,edge_c1
28.2003,0.05,0.265,0.639987,1.11644,0.0,edge_c1
28.2504,0.05,0.27,0.59765,1.038518,0.0,edge_c1
28.3003,0.05,0.27,0.59765,1.038518,0.0,edge_c1
28.3504,0.05,0.27,0.59765,1.038518,0.0,edge_c1
28.4003,0.05,0.27,0.59765,1.038518,0.0,edge_c1
28.4504,0.05,0.27,0.59765,1.038518,0.0,edge_c1
28.5004,0.05,0.27,0.59765,1.038518,0.0,edge_c1
28.5502,0.05,0.275,0.551598,0.952929,0.0,edge_c1
28.6004,0.05,0.275,0.551598,0.952929,0.0,edge_c1
28.6504,0.05,0.275,0.551598,0.952929,0.0,edge_c1
28.7005,0.05,0.275,0.551598,0.952929,0.0,edge_c1
28.7504,0.05,0.275,0.551598,0.952929,0.0,edge_c1
28.8004,0.05,0.275,0.551598,0.952929,0.0,edge_c1
28.8503,0.05,0.28,0.500307,0.856635,0.0,edge_c1
28.9003,0.05,0.28,0.500307,0.856635,0.0,edge_c1
28.9504,0.05,0.28,0.500307,0.856635,0.0,edge_c1
29.0002,0.05,0.28,0.500307,0.856635,0.0,edge_c1
29.0504,0.05,0.28,0.500307,0.856635,0.0,edge_c1
29.1004,0.05,0.28,0.500307,0.856635,0.0,edge_c1
29.1503,0.05,0.285,0.44089,0.743876,0.0,edge_c1
29.2003,0.05,0.285,0.44089,0.743876,0.0,edge_c1
29.2502,0.05,0.285,0.44089,0.743876,0.0,edge_c1
29.3004,0.05,0.285,0.44089,0.743876,0.0,edge_c1
29.3502,0.05,0.285,0.44089,0.743876,0.0,edge_c1
29.4003,0.05,0.285,0.44089,0.743876,0.0,edge_c1
29.4502,0.05,0.29,0.366345,0.60066,0.0,edge_c1
29.5004,0.05,0.29,0.366345,0.60066,0.0,edge_c1
29.5504,0.05,0.29,0.366345,0.60066,0.0,edge_c1
29.6004,0.05,0.29,0.366345,0.60066,0.0,edge_c1
29.6504,0.05,0.29,0.366345,0.60066,0.0,edge_c1
29.7004,0.05,0.29,0.366345,0.60066,0.0,edge_c1
29.7503,0.05,0.295,0.240608,0.354864,0.0,edge_c1
29.8004,0.05,0.295,0.240608,0.354864,0.0,edge_c1
29.8502,0.05,0.295,0.240608,0.354864,0.0,edge_c1
29.9004,0.05,0.295,0.240608,0.354864,0.0,edge_c1
29.9504,0.05,0.295,0.240608,0.354864,0.0,edge_c1
30.0004,0.05,0.295,0.240608,0.354864,0.0,edge_c1
30.0502,0.05,0.3,0.165149,0.20944,0.0,edge_c1
30.1004,0.05,0.3,0.165149,0.20944,0.0,edge_c1
30.1504,0.05,0.3,0.165149,0.20944,0.0,edge_c1
30.2004,0.05,0.3,0.165149,0.20944,0.0,edge_c1
30.2504,0.05,0.3,0.165149,0.20944,0.0,edge_c1
30.3004,0.05,0.3,0.165149,0.20944,0.0,edge_c1
30.3503,0.05,0.3,0.165149,0.20944,0.0,edge_c1
30.4003,0.05,0.3,0.165149,0.20944,0.0,edge_c1
30.4503,0.05,0.3,0.165149,0.20944,0.0,edge_c1
30.5004,0.05,0.3,0.165149,0.20944,0.0,edge_c1
30.5503,0.05,0.3,0.165149,0.20944,0.0,edge_c1
30.6003,0.05,0.3,0.165149,0.20944,0.0,edge_c1
30.6503,0.05,0.3,0.165149,0.20944,0.0,edge_c1
30.7004,0.05,0.3,0.165149,0.20944,0.0,edge_c1
30.7503,0.05,0.3,0.165149,0.20944,0.0,edge_c1
30.8003,0.05,0.3,0.165149,0.20944,0.0,edge_c1
30.8503,0.05,0.3,0.165149,0.20944,0.0,edge_c1
30.9003,0.05,0.3,0.165149,0.20944,0.0,edge_c1
30.9503,0.05,0.3,0.165149,0.20944,0.0,edge_c1
31.0002,0.05,0.3,0.165149,0.20944,0.0,edge_c1
31.0504,0.05,0.3,0.165149,0.20944,0.0,edge_c1
31.1003,0.05,0.3,0.165149,0.20944,0.0,edge_c1
31.1503,0.05,0.3,0.165149,0.20944,0.0,edge_c1
31.2003,0.05,0.3,0.165149,0.20944,0.0,edge_c1
31.2504,0.05,0.3,0.165149,0.20944,0.0,edge_c1
31.3002,0.05,0.3,0.165149,0.20944,0.0,edge_c1
31.3503,0.05,0.3,0.165149,0.20944,0.0,edge_c1
31.4003,0.05,0.3,0.165149,0.20944,0.0,edge_c1
31.4503,0.05,0.3,0.165149,0.20944,0.0,edge_c1
31.5003,0.05,0.3,0.165149,0.20944,0.0,edge_c1
31.5503,0.05,0.3,0.165149,0.20944,0.0,edge_c1
31.6004,0.05,0.3,0.165149,0.20944,0.0,edge_c1
31.6503,0.05,0.3,0.165149,0.20944,0.0,edge_c1
31.7003,0.05,0.3,0.165149,0.20944,0.0,edge_c1
31.7503,0.05,0.3,0.165149,0.20944,0.0,edge_c1
31.8003,0.05,0.3,0.165149,0.20944,0.0,edge_c1
31.8503,0.05,0.3,0.165149,0.20944,0.0,edge_c1
31.9003,0.05,0.3,0.165149,0.20944,0.0,edge_c1
31.9503,0.05,0.3,0.165149,0.20944,0.0,edge_c1
32.0003,0.05,0.3,0.165149,0.20944,0.0,edge_c1
32.0503,0.05,0.3,0.165149,0.20944,0.0,edge_c1
32.1003,0.05,0.3,0.165149,0.20944,0.0,edge_c1
32.1503,0.05,0.3,0.165149,0.20944,0.0,edge_c1
32.2003,0.05,0.3,0.165149,0.20944,0.0,edge_c1
32.2503,0.05,0.3,0.165149,0.20944,0.0,edge_c1
32.3003,0.05,0.3,0.165149,0.20944,0.0,edge_c1
32.3503,0.05,0.3,0.165149,0.20944,0.0,edge_c1
32.4003,0.05,0.3,0.165149,0.20944,0.0,edge_c1
32.4503,0.05,0.3,0.165149,0.20944,0.0,edge_c1
32.5003,0.05,0.3,0.165149,0.20944,0.0,edge_c1
32.5503,0.05,0.3,0.165149,0.20944,0.0,edge_c1
32.6003,0.05,0.3,0.165149,0.20944,0.0,edge_c1
32.6503,0.05,0.3,0.165149,0.20944,0.0,edge_c1
32.7003,0.05,0.3,0.165149,0.20944,0.0,edge_c1
32.7503,0.05,0.3,0.165149,0.20944,0.0,edge_c1
32.8003,0.05,0.3,0.165149,0.20944,0.0,edge_c1
32.8503,0.05,0.3,0.165149,0.20944,0.0,edge_c1
32.9003,0.05,0.3,0.165149,0.20944,0.0,edge_c1
32.9503,0.05,0.3,0.165149,0.20944,0.0,edge_c1
33.0003,0.05,0.3,0.165149,0.20944,0.0,edge_c1
33.0503,0.05,0.3,0.165149,0.20944,0.0,edge_c1
33.1003,0.05,0.3,0.165149,0.20944,0.0,edge_c1
33.1503,0.05,0.3,0.165149,0.20944,0.0,edge_c1
33.2003,0.05,0.3,0.165149,0.20944,0.0,edge_c1
33.2503,0.05,0.3,0.165149,0.20944,0.0,edge_c1
33.3003,0.05,0.3,0.165149,0.20944,0.0,edge_c1
33.3502,0.05,0.3,0.165149,0.20944,0.0,edge_c1
33.4003,0.05,0.3,0.165149,0.20944,0.0,edge_c1
33.4503,0.05,0.3,0.165149,0.20944,0.0,edge_c1
33.5003,0.05,0.3,0.165149,0.20944,0.0,edge_c1
33.5503,0.05,0.3,0.165149,0.20944,0.0,edge_c1
33.6003,0.05,0.3,0.165149,0.20944,0.0,edge_c1
33.6503,0.05,0.3,0.165149,0.20944,0.0,edge_c1
33.7003,0.05,0.3,0.165149,0.20944,0.0,edge_c1
33.7503,0.05,0.3,0.165149,0.20944,0.0,edge_c1
33.8003,0.05,0.3,0.165149,0.20944,0.0,edge_c1
33.8503,0.05,0.3,0.165149,0.20944,0.0,edge_c1
33.9003,0.05,0.3,0.165149,0.20944,0.0,edge_c1
33.9503,0.05,0.3,0.165149,0.20944,0.0,edge_c1
34.0003,0.05,0.3,0.165149,0.20944,0.0,edge_c1
34.0503,0.05,0.3,0.165149,0.20944,0.02,dip_down_c2
34.1003,0.05,0.3,0.165149,0.20944,0.02,dip_down_c2
34.1503,0.05,0.3,0.165149,0.20944,0.02,dip_down_c2
34.2003,0.05,0.3,0.165149,0.20944,0.02,dip_down_c2
34.2503,0.05,0.3,0.165149,0.20944,0.02,dip_down_c2
34.3003,0.05,0.3,0.165149,0.20944,0.02,dip_down_c2
34.3502,0.05,0.3,0.165149,0.20944,0.02,dip_down_c2
34.4003,0.05,0.3,0.165149,0.20944,0.02,dip_down_c2
34.4503,0.05,0.3,0.165149,0.20944,0.02,dip_down_c2
34.5003,0.05,0.3,0.165149,0.20944,0.02,dip_down_c2
34.5504,0.05,0.3,0.165149,0.20944,0.02,dwell_c2
34.6003,0.05,0.3,0.165149,0.20944,0.02,dwell_c2
34.6502,0.05,0.3,0.165149,0.20944,0.02,dwell_c2
34.7002,0.05,0.3,0.165149,0.20944,0.02,dwell_c2
34.7503,0.05,0.3,0.165149,0.20944,0.02,dwell_c2
34.8003,0.05,0.3,0.165149,0.20944,0.02,dwell_c2
34.8503,0.05,0.3,0.165149,0.20944,0.02,dwell_c2
34.9003,0.05,0.3,0.165149,0.20944,0.02,dwell_c2
34.9503,0.05,0.3,0.165149,0.20944,0.02,dwell_c2
35.0003,0.05,0.3,0.165149,0.20944,0.02,dwell_c2
35.0503,0.05,0.3,0.165149,0.20944,0.02,dwell_c2
35.1003,0.05,0.3,0.165149,0.20944,0.02,dwell_c2
35.1503,0.05,0.3,0.165149,0.20944,0.02,dwell_c2
35.2003,0.05,0.3,0.165149,0.20944,0.02,dwell_c2
35.2503,0.05,0.3,0.165149,0.20944,0.02,dwell_c2
35.3003,0.05,0.3,0.165149,0.20944,0.02,dwell_c2
35.3503,0.05,0.3,0.165149,0.20944,0.02,dwell_c2
35.4003,0.05,0.3,0.165149,0.20944,0.02,dwell_c2
35.4503,0.05,0.3,0.165149,0.20944,0.02,dwell_c2
35.5003,0.05,0.3,0.165149,0.20944,0.02,dwell_c2
35.5503,0.05,0.3,0.165149,0.20944,0.02,dwell_c2
35.6002,0.05,0.3,0.165149,0.20944,0.02,dwell_c2
35.6502,0.05,0.3,0.165149,0.20944,0.02,dwell_c2
35.7003,0.05,0.3,0.165149,0.20944,0.02,dwell_c2
35.7502,0.05,0.3,0.165149,0.20944,0.02,dwell_c2
35.8003,0.05,0.3,0.165149,0.20944,0.02,dwell_c2
35.8503,0.05,0.3,0.165149,0.20944,0.02,dwell_c2
35.9003,0.05,0.3,0.165149,0.20944,0.02,dwell_c2
35.9502,0.05,0.3,0.165149,0.20944,0.02,dwell_c2
36.0003,0.05,0.3,0.165149,0.20944,0.02,dwell_c2
36.0503,0.05,0.3,0.165149,0.20944,0.02,dwell_c2
36.1003,0.05,0.3,0.165149,0.20944,0.02,dwell_c2
36.1503,0.05,0.3,0.165149,0.20944,0.02,dwell_c2
36.2003,0.05,0.3,0.165149,0.20944,0.02,dwell_c2
36.2503,0.05,0.3,0.165149,0.20944,0.02,dwell_c2
36.3003,0.05,0.3,0.165149,0.20944,0.02,dwell_c2
36.3503,0.05,0.3,0.165149,0.20944,0.02,dwell_c2
36.4003,0.05,0.3,0.165149,0.20944,0.02,dwell_c2
36.4503,0.05,0.3,0.165149,0.20944,0.02,dwell_c2
36.5003,0.05,0.3,0.165149,0.20944,0.02,dwell_c2
36.5503,0.05,0.3,0.165149,0.20944,0.02,dwell_c2
36.6003,0.05,0.3,0.165149,0.20944,0.02,dwell_c2
36.6503,0.05,0.3,0.165149,0.20944,0.02,dwell_c2
36.7002,0.05,0.3,0.165149,0.20944,0.02,dwell_c2
36.7502,0.05,0.3,0.165149,0.20944,0.02,dwell_c2
36.8003,0.05,0.3,0.165149,0.20944,0.02,dwell_c2
36.8503,0.05,0.3,0.165149,0.20944,0.02,dwell_c2
36.9003,0.05,0.3,0.165149,0.20944,0.02,dwell_c2
36.9502,0.05,0.3,0.165149,0.20944,0.02,dwell_c2
37.0002,0.05,0.3,0.165149,0.20944,0.02,dwell_c2
37.0503,0.05,0.3,0.165149,0.20944,0.02,dwell_c2
37.1003,0.05,0.3,0.165149,0.20944,0.02,dwell_c2
37.1503,0.05,0.3,0.165149,0.20944,0.02,dwell_c2
37.2003,0.05,0.3,0.165149,0.20944,0.02,dwell_c2
37.2503,0.05,0.3,0.165149,0.20944,0.02,dwell_c2
37.3003,0.05,0.3,0.165149,0.20944,0.02,dwell_c2
37.3503,0.05,0.3,0.165149,0.20944,0.02,dwell_c2
37.4003,0.05,0.3,0.165149,0.20944,0.02,dwell_c2
37.4503,0.05,0.3,0.165149,0.20944,0.02,dwell_c2
37.5003,0.05,0.3,0.165149,0.20944,0.02,dwell_c2
37.5503,0.05,0.3,0.165149,0.20944,0.02,dwell_c2
37.6003,0.05,0.3,0.165149,0.20944,0.02,dwell_c2
37.6503,0.05,0.3,0.165149,0.20944,0.02,dwell_c2
37.7003,0.05,0.3,0.165149,0.20944,0.02,dwell_c2
37.7503,0.05,0.3,0.165149,0.20944,0.02,dwell_c2
37.8003,0.05,0.3,0.165149,0.20944,0.02,dwell_c2
37.8503,0.05,0.3,0.165149,0.20944,0.02,dwell_c2
37.9003,0.05,0.3,0.165149,0.20944,0.02,dwell_c2
37.9503,0.05,0.3,0.165149,0.20944,0.02,dwell_c2
38.0003,0.05,0.3,0.165149,0.20944,0.02,dwell_c2
38.0502,0.05,0.3,0.165149,0.20944,0.02,dwell_c2
38.1003,0.05,0.3,0.165149,0.20944,0.02,dwell_c2
38.1503,0.05,0.3,0.165149,0.20944,0.02,dwell_c2
38.2003,0.05,0.3,0.165149,0.20944,0.02,dwell_c2
38.2503,0.05,0.3,0.165149,0.20944,0.02,dwell_c2
38.3003,0.05,0.3,0.165149,0.20944,0.02,dwell_c2
38.3502,0.05,0.3,0.165149,0.20944,0.02,dwell_c2
38.4003,0.05,0.3,0.165149,0.20944,0.02,dwell_c2
38.4503,0.05,0.3,0.165149,0.20944,0.02,dwell_c2
38.5003,0.05,0.3,0.165149,0.20944,0.02,dwell_c2
38.5503,0.05,0.3,0.165149,0.20944,0.0,dip_up_c2
38.6002,0.05,0.3,0.165149,0.20944,0.0,dip_up_c2
38.6502,0.05,0.3,0.165149,0.20944,0.0,dip_up_c2
38.7003,0.05,0.3,0.165149,0.20944,0.0,dip_up_c2
38.7503,0.05,0.3,0.165149,0.20944,0.0,dip_up_c2
38.8003,0.05,0.3,0.165149,0.20944,0.0,dip_up_c2
38.8502,0.045,0.3,0.14889,0.20944,0.0,edge_c2
38.9003,0.045,0.3,0.14889,0.20944,0.0,edge_c2
38.9503,0.045,0.3,0.14889,0.20944,0.0,edge_c2
39.0003,0.045,0.3,0.14889,0.20944,0.0,edge_c2
39.0503,0.045,0.3,0.14889,0.20944,0.0,edge_c2
39.1003,0.045,0.3,0.14889,0.20944,0.0,edge_c2
39.1503,0.04,0.3,0.132552,0.20944,0.0,edge_c2
39.2003,0.04,0.3,0.132552,0.20944,0.0,edge_c2
39.2502,0.04,0.3,0.132552,0.20944,0.0,edge_c2
39.3003,0.04,0.3,0.132552,0.20944,0.0,edge_c2
39.3503,0.04,0.3,0.132552,0.20944,0.0,edge_c2
39.4003,0.04,0.3,0.132552,0.20944,0.0,edge_c2
39.4503,0.035,0.3,0.116142,0.20944,0.0,edge_c2
39.5003,0.035,0.3,0.116142,0.20944,0.0,edge_c2
39.5503,0.035,0.3,0.116142,0.20944,0.0,edge_c2
39.6003,0.035,0.3,0.116142,0.20944,0.0,edge_c2
39.6503,0.035,0.3,0.116142,0.20944,0.0,edge_c2
39.7002,0.035,0.3,0.116142,0.20944,0.0,edge_c2
39.7502,0.03,0.3,0.099669,0.20944,0.0,edge_c2
39.8003,0.03,0.3,0.099669,0.20944,0.0,edge_c2
39.8503,0.03,0.3,0.099669,0.20944,0.0,edge_c2
39.9003,0.03,0.3,0.099669,0.20944,0.0,edge_c2
39.9503,0.03,0.3,0.099669,0.20944,0.0,edge_c2
40.0003,0.03,0.3,0.099669,0.20944,0.0,edge_c2
40.0502,0.025,0.3,0.083141,0.20944,0.0,edge_c2
40.1003,0.025,0.3,0.083141,0.20944,0.0,edge_c2
40.1502,0.025,0.3,0.083141,0.20944,0.0,edge_c2
40.2002,0.025,0.3,0.083141,0.20944,0.0,edge_c2
40.2502,0.025,0.3,0.083141,0.20944,0.0,edge_c2
40.3002,0.025,0.3,0.083141,0.20944,0.0,edge_c2
40.3502,0.02,0.3,0.066568,0.20944,0.0,edge_c2
40.4003,0.02,0.3,0.066568,0.20944,0.0,edge_c2
40.4502,0.02,0.3,0.066568,0.20944,0.0,edge_c2
40.5003,0.02,0.3,0.066568,0.20944,0.0,edge_c2
40.5502,0.02,0.3,0.066568,0.20944,0.0,edge_c2
40.6003,0.02,0.3,0.066568,0.20944,0.0,edge_c2
40.6502,0.015,0.3,0.049958,0.20944,0.0,edge_c2
40.7003,0.015,0.3,0.049958,0.20944,0.0,edge_c2
40.7502,0.015,0.3,0.049958,0.20944,0.0,edge_c2
40.8003,0.015,0.3,0.049958,0.20944,0.0,edge_c2
40.8502,0.015,0.3,0.049958,0.20944,0.0,edge_c2
40.9003,0.015,0.3,0.049958,0.20944,0.0,edge_c2
40.9502,0.01,0.3,0.033321,0.20944,0.0,edge_c2
41.0002,0.01,0.3,0.033321,0.20944,0.0,edge_c2
41.0502,0.01,0.3,0.033321,0.20944,0.0,edge_c2
41.1002,0.01,0.3,0.033321,0.20944,0.0,edge_c2
41.1502,0.01,0.3,0.033321,0.20944,0.0,edge_c2
41.2002,0.01,0.3,0.033321,0.20944,0.0,edge_c2
41.2502,0.005,0.3,0.016665,0.20944,0.0,edge_c2
41.3003,0.005,0.3,0.016665,0.20944,0.0,edge_c2
41.3502,0.005,0.3,0.016665,0.20944,0.0,edge_c2
41.4003,0.005,0.3,0.016665,0.20944,0.0,edge_c2
41.4502,0.005,0.3,0.016665,0.20944,0.0,edge_c2
41.5003,0.005,0.3,0.016665,0.20944,0.0,edge_c2
41.5502,0.0,0.3,0.0,0.20944,0.0,edge_c2
41.6002,0.0,0.3,0.0,0.20944,0.0,edge_c2
41.6502,0.0,0.3,0.0,0.20944,0.0,edge_c2
41.7003,0.0,0.3,0.0,0.20944,0.0,edge_c2
41.7503,0.0,0.3,0.0,0.20944,0.0,edge_c2
41.8003,0.0,0.3,0.0,0.20944,0.0,edge_c2
41.8502,-0.005,0.3,-0.016665,0.20944,0.0,edge_c2
41.9003,-0.005,0.3,-0.016665,0.20944,0.0,edge_c2
41.9503,-0.005,0.3,-0.016665,0.20944,0.0,edge_c2
42.0003,-0.005,0.3,-0.016665,0.20944,0.0,edge_c2
42.0503,-0.005,0.3,-0.016665,0.20944,0.0,edge_c2
42.1003,-0.005,0.3,-0.016665,0.20944,0.0,edge_c2
42.1502,-0.01,0.3,-0.033321,0.20944,0.0,edge_c2
42.2002,-0.01,0.3,-0.033321,0.20944,0.0,edge_c2
42.2503,-0.01,0.3,-0.033321,0.20944,0.0,edge_c2
42.3002,-0.01,0.3,-0.033321,0.20944,0.0,edge_c2
42.3502,-0.01,0.3,-0.033321,0.20944,0.0,edge_c2
42.4002,-0.01,0.3,-0.033321,0.20944,0.0,edge_c2
42.4502,-0.015,0.3,-0.049958,0.20944,0.0,edge_c2
42.5002,-0.015,0.3,-0.049958,0.20944,0.0,edge_c2
42.5502,-0.015,0.3,-0.049958,0.20944,0.0,edge_c2
42.6003,-0.015,0.3,-0.049958,0.20944,0.0,edge_c2
42.6502,-0.015,0.3,-0.049958,0.20944,0.0,edge_c2
42.7003,-0.015,0.3,-0.049958,0.20944,0.0,edge_c2
42.7503,-0.02,0.3,-0.066568,0.20944,0.0,edge_c2
42.8003,-0.02,0.3,-0.066568,0.20944,0.0,edge_c2
42.8502,-0.02,0.3,-0.066568,0.20944,0.0,edge_c2
42.9003,-0.02,0.3,-0.066568,0.20944,0.0,edge_c2
42.9503,-0.02,0.3,-0.066568,0.20944,0.0,edge_c2
43.0003,-0.02,0.3,-0.066568,0.20944,0.0,edge_c2
43.0503,-0.025,0.3,-0.083141,0.20944,0.0,edge_c2
43.1002,-0.025,0.3,-0.083141,0.20944,0.0,edge_c2
43.1502,-0.025,0.3,-0.083141,0.20944,0.0,edge_c2
43.2003,-0.025,0.3,-0.083141,0.20944,0.0,edge_c2
43.2502,-0.025,0.3,-0.083141,0.20944,0.0,edge_c2
43.3003,-0.025,0.3,-0.083141,0.20944,0.0,edge_c2
43.3503,-0.03,0.3,-0.099669,0.20944,0.0,edge_c2
43.4002,-0.03,0.3,-0.099669,0.20944,0.0,edge_c2
43.4503,-0.03,0.3,-0.099669,0.20944,0.0,edge_c2
43.5003,-0.03,0.3,-0.099669,0.20944,0.0,edge_c2
43.5502,-0.03,0.3,-0.099669,0.20944,0.0,edge_c2
43.6003,-0.03,0.3,-0.099669,0.20944,0.0,edge_c2
43.6502,-0.035,0.3,-0.116142,0.20944,0.0,edge_c2
43.7003,-0.035,0.3,-0.116142,0.20944,0.0,edge_c2
43.7503,-0.035,0.3,-0.116142,0.20944,0.0,edge_c2
43.8003,-0.035,0.3,-0.116142,0.20944,0.0,edge_c2
43.8503,-0.035,0.3,-0.116142,0.20944,0.0,edge_c2
43.9003,-0.035,0.3,-0.116142,0.20944,0.0,edge_c2
43.9502,-0.04,0.3,-0.132552,0.20944,0.0,edge_c2
44.0003,-0.04,0.3,-0.132552,0.20944,0.0,edge_c2
44.0502,-0.04,0.3,-0.132552,0.20944,0.0,edge_c2
44.1002,-0.04,0.3,-0.132552,0.20944,0.0,edge_c2
44.1502,-0.04,0.3,-0.132552,0.20944,0.0,edge_c2
44.2002,-0.04,0.3,-0.132552,0.20944,0.0,edge_c2
44.2502,-0.045,0.3,-0.14889,0.20944,0.0,edge_c2
44.3002,-0.045,0.3,-0.14889,0.20944,0.0,edge_c2
44.3502,-0.045,0.3,-0.14889,0.20944,0.0,edge_c2
44.4003,-0.045,0.3,-0.14889,0.20944,0.0,edge_c2
44.4502,-0.045,0.3,-0.14889,0.20944,0.0,edge_c2
44.5003,-0.045,0.3,-0.14889,0.20944,0.0,edge_c2
44.5502,-0.05,0.3,-0.165149,0.20944,0.0,edge_c2
44.6002,-0.05,0.3,-0.165149,0.20944,0.0,edge_c2
44.6502,-0.05,0.3,-0.165149,0.20944,0.0,edge_c2
44.7003,-0.05,0.3,-0.165149,0.20944,0.0,edge_c2
44.7502,-0.05,0.3,-0.165149,0.20944,0.0,edge_c2
44.8003,-0.05,0.3,-0.165149,0.20944,0.0,edge_c2
44.8503,-0.05,0.3,-0.165149,0.20944,0.0,edge_c2
44.9003,-0.05,0.3,-0.165149,0.20944,0.0,edge_c2
44.9502,-0.05,0.3,-0.165149,0.20944,0.0,edge_c2
45.0003,-0.05,0.3,-0.165149,0.20944,0.0,edge_c2
45.0502,-0.05,0.3,-0.165149,0.20944,0.0,edge_c2
45.1003,-0.05,0.3,-0.165149,0.20944,0.0,edge_c2
45.1503,-0.05,0.3,-0.165149,0.20944,0.0,edge_c2
45.2003,-0.05,0.3,-0.165149,0.20944,0.0,edge_c2
45.2502,-0.05,0.3,-0.165149,0.20944,0.0,edge_c2
45.3002,-0.05,0.3,-0.165149,0.20944,0.0,edge_c2
45.3502,-0.05,0.3,-0.165149,0.20944,0.0,edge_c2
45.4003,-0.05,0.3,-0.165149,0.20944,0.0,edge_c2
45.4503,-0.05,0.3,-0.165149,0.20944,0.0,edge_c2
45.5002,-0.05,0.3,-0.165149,0.20944,0.0,edge_c2
45.5503,-0.05,0.3,-0.165149,0.20944,0.0,edge_c2
45.6002,-0.05,0.3,-0.165149,0.20944,0.0,edge_c2
45.6503,-0.05,0.3,-0.165149,0.20944,0.0,edge_c2
45.7002,-0.05,0.3,-0.165149,0.20944,0.0,edge_c2
45.7503,-0.05,0.3,-0.165149,0.20944,0.0,edge_c2
45.8003,-0.05,0.3,-0.165149,0.20944,0.0,edge_c2
45.8503,-0.05,0.3,-0.165149,0.20944,0.0,edge_c2
45.9003,-0.05,0.3,-0.165149,0.20944,0.0,edge_c2
45.9503,-0.05,0.3,-0.165149,0.20944,0.0,edge_c2
46.0002,-0.05,0.3,-0.165149,0.20944,0.0,edge_c2
46.0503,-0.05,0.3,-0.165149,0.20944,0.0,edge_c2
46.1002,-0.05,0.3,-0.165149,0.20944,0.0,edge_c2
46.1503,-0.05,0.3,-0.165149,0.20944,0.0,edge_c2
46.2003,-0.05,0.3,-0.165149,0.20944,0.0,edge_c2
46.2503,-0.05,0.3,-0.165149,0.20944,0.0,edge_c2
46.3003,-0.05,0.3,-0.165149,0.20944,0.0,edge_c2
46.3502,-0.05,0.3,-0.165149,0.20944,0.0,edge_c2
46.4003,-0.05,0.3,-0.165149,0.20944,0.0,edge_c2
46.4503,-0.05,0.3,-0.165149,0.20944,0.0,edge_c2
46.5002,-0.05,0.3,-0.165149,0.20944,0.0,edge_c2
46.5503,-0.05,0.3,-0.165149,0.20944,0.0,edge_c2
46.6003,-0.05,0.3,-0.165149,0.20944,0.0,edge_c2
46.6502,-0.05,0.3,-0.165149,0.20944,0.0,edge_c2
46.7003,-0.05,0.3,-0.165149,0.20944,0.0,edge_c2
46.7502,-0.05,0.3,-0.165149,0.20944,0.0,edge_c2
46.8003,-0.05,0.3,-0.165149,0.20944,0.0,edge_c2
46.8503,-0.05,0.3,-0.165149,0.20944,0.0,edge_c2
46.9003,-0.05,0.3,-0.165149,0.20944,0.0,edge_c2
46.9503,-0.05,0.3,-0.165149,0.20944,0.0,edge_c2
47.0003,-0.05,0.3,-0.165149,0.20944,0.0,edge_c2
47.0503,-0.05,0.3,-0.165149,0.20944,0.0,edge_c2
47.1003,-0.05,0.3,-0.165149,0.20944,0.0,edge_c2
47.1503,-0.05,0.3,-0.165149,0.20944,0.0,edge_c2
47.2003,-0.05,0.3,-0.165149,0.20944,0.0,edge_c2
47.2503,-0.05,0.3,-0.165149,0.20944,0.0,edge_c2
47.3003,-0.05,0.3,-0.165149,0.20944,0.0,edge_c2
47.3502,-0.05,0.3,-0.165149,0.20944,0.0,edge_c2
47.4002,-0.05,0.3,-0.165149,0.20944,0.0,edge_c2
47.4503,-0.05,0.3,-0.165149,0.20944,0.0,edge_c2
47.5003,-0.05,0.3,-0.165149,0.20944,0.0,edge_c2
47.5503,-0.05,0.3,-0.165149,0.20944,0.0,edge_c2
47.6002,-0.05,0.3,-0.165149,0.20944,0.0,edge_c2
47.6503,-0.05,0.3,-0.165149,0.20944,0.0,edge_c2
47.7003,-0.05,0.3,-0.165149,0.20944,0.0,edge_c2
47.7502,-0.05,0.3,-0.165149,0.20944,0.0,edge_c2
47.8003,-0.05,0.3,-0.165149,0.20944,0.0,edge_c2
47.8503,-0.05,0.3,-0.165149,0.20944,0.0,edge_c2
47.9003,-0.05,0.3,-0.165149,0.20944,0.0,edge_c2
47.9503,-0.05,0.3,-0.165149,0.20944,0.0,edge_c2
48.0002,-0.05,0.3,-0.165149,0.20944,0.0,edge_c2
48.0503,-0.05,0.3,-0.165149,0.20944,0.0,edge_c2
48.1003,-0.05,0.3,-0.165149,0.20944,0.0,edge_c2
48.1503,-0.05,0.3,-0.165149,0.20944,0.0,edge_c2
48.2003,-0.05,0.3,-0.165149,0.20944,0.0,edge_c2
48.2503,-0.05,0.3,-0.165149,0.20944,0.0,edge_c2
48.3003,-0.05,0.3,-0.165149,0.20944,0.0,edge_c2
48.3503,-0.05,0.3,-0.165149,0.20944,0.0,edge_c2
48.4003,-0.05,0.3,-0.165149,0.20944,0.0,edge_c2
48.4503,-0.05,0.3,-0.165149,0.20944,0.0,edge_c2
48.5003,-0.05,0.3,-0.165149,0.20944,0.0,edge_c2
48.5502,-0.05,0.3,-0.165149,0.20944,0.02,dip_down_c3
48.6003,-0.05,0.3,-0.165149,0.20944,0.02,dip_down_c3
48.6503,-0.05,0.3,-0.165149,0.20944,0.02,dip_down_c3
48.7003,-0.05,0.3,-0.165149,0.20944,0.02,dip_down_c3
48.7503,-0.05,0.3,-0.165149,0.20944,0.02,dip_down_c3
48.8003,-0.05,0.3,-0.165149,0.20944,0.02,dip_down_c3
48.8503,-0.05,0.3,-0.165149,0.20944,0.02,dip_down_c3
48.9003,-0.05,0.3,-0.165149,0.20944,0.02,dip_down_c3
48.9503,-0.05,0.3,-0.165149,0.20944,0.02,dip_down_c3
49.0003,-0.05,0.3,-0.165149,0.20944,0.02,dip_down_c3
49.0503,-0.05,0.3,-0.165149,0.20944,0.02,dwell_c3
49.1003,-0.05,0.3,-0.165149,0.20944,0.02,dwell_c3
49.1503,-0.05,0.3,-0.165149,0.20944,0.02,dwell_c3
49.2003,-0.05,0.3,-0.165149,0.20944,0.02,dwell_c3
49.2503,-0.05,0.3,-0.165149,0.20944,0.02,dwell_c3
49.3003,-0.05,0.3,-0.165149,0.20944,0.02,dwell_c3
49.3503,-0.05,0.3,-0.165149,0.20944,0.02,dwell_c3
49.4003,-0.05,0.3,-0.165149,0.20944,0.02,dwell_c3
49.4503,-0.05,0.3,-0.165149,0.20944,0.02,dwell_c3
49.5003,-0.05,0.3,-0.165149,0.20944,0.02,dwell_c3
49.5503,-0.05,0.3,-0.165149,0.20944,0.02,dwell_c3
49.6003,-0.05,0.3,-0.165149,0.20944,0.02,dwell_c3
49.6503,-0.05,0.3,-0.165149,0.20944,0.02,dwell_c3
49.7003,-0.05,0.3,-0.165149,0.20944,0.02,dwell_c3
49.7503,-0.05,0.3,-0.165149,0.20944,0.02,dwell_c3
49.8003,-0.05,0.3,-0.165149,0.20944,0.02,dwell_c3
49.8503,-0.05,0.3,-0.165149,0.20944,0.02,dwell_c3
49.9003,-0.05,0.3,-0.165149,0.20944,0.02,dwell_c3
49.9503,-0.05,0.3,-0.165149,0.20944,0.02,dwell_c3
50.0003,-0.05,0.3,-0.165149,0.20944,0.02,dwell_c3
50.0503,-0.05,0.3,-0.165149,0.20944,0.02,dwell_c3
50.1003,-0.05,0.3,-0.165149,0.20944,0.02,dwell_c3
50.1503,-0.05,0.3,-0.165149,0.20944,0.02,dwell_c3
50.2002,-0.05,0.3,-0.165149,0.20944,0.02,dwell_c3
50.2503,-0.05,0.3,-0.165149,0.20944,0.02,dwell_c3
50.3003,-0.05,0.3,-0.165149,0.20944,0.02,dwell_c3
50.3502,-0.05,0.3,-0.165149,0.20944,0.02,dwell_c3
50.4003,-0.05,0.3,-0.165149,0.20944,0.02,dwell_c3
50.4502,-0.05,0.3,-0.165149,0.20944,0.02,dwell_c3
50.5003,-0.05,0.3,-0.165149,0.20944,0.02,dwell_c3
50.5503,-0.05,0.3,-0.165149,0.20944,0.02,dwell_c3
50.6003,-0.05,0.3,-0.165149,0.20944,0.02,dwell_c3
50.6503,-0.05,0.3,-0.165149,0.20944,0.02,dwell_c3
50.7003,-0.05,0.3,-0.165149,0.20944,0.02,dwell_c3
50.7503,-0.05,0.3,-0.165149,0.20944,0.02,dwell_c3
50.8003,-0.05,0.3,-0.165149,0.20944,0.02,dwell_c3
50.8503,-0.05,0.3,-0.165149,0.20944,0.02,dwell_c3
50.9003,-0.05,0.3,-0.165149,0.20944,0.02,dwell_c3
50.9502,-0.05,0.3,-0.165149,0.20944,0.02,dwell_c3
51.0002,-0.05,0.3,-0.165149,0.20944,0.02,dwell_c3
51.0503,-0.05,0.3,-0.165149,0.20944,0.02,dwell_c3
51.1003,-0.05,0.3,-0.165149,0.20944,0.02,dwell_c3
51.1504,-0.05,0.3,-0.165149,0.20944,0.02,dwell_c3
51.2003,-0.05,0.3,-0.165149,0.20944,0.02,dwell_c3
51.2503,-0.05,0.3,-0.165149,0.20944,0.02,dwell_c3
51.3004,-0.05,0.3,-0.165149,0.20944,0.02,dwell_c3
51.3503,-0.05,0.3,-0.165149,0.20944,0.02,dwell_c3
51.4003,-0.05,0.3,-0.165149,0.20944,0.02,dwell_c3
51.4503,-0.05,0.3,-0.165149,0.20944,0.02,dwell_c3
51.5003,-0.05,0.3,-0.165149,0.20944,0.02,dwell_c3
51.5504,-0.05,0.3,-0.165149,0.20944,0.02,dwell_c3
51.6003,-0.05,0.3,-0.165149,0.20944,0.02,dwell_c3
51.6503,-0.05,0.3,-0.165149,0.20944,0.02,dwell_c3
51.7003,-0.05,0.3,-0.165149,0.20944,0.02,dwell_c3
51.7503,-0.05,0.3,-0.165149,0.20944,0.02,dwell_c3
51.8003,-0.05,0.3,-0.165149,0.20944,0.02,dwell_c3
51.8503,-0.05,0.3,-0.165149,0.20944,0.02,dwell_c3
51.9003,-0.05,0.3,-0.165149,0.20944,0.02,dwell_c3
51.9504,-0.05,0.3,-0.165149,0.20944,0.02,dwell_c3
52.0003,-0.05,0.3,-0.165149,0.20944,0.02,dwell_c3
52.0503,-0.05,0.3,-0.165149,0.20944,0.02,dwell_c3
52.1003,-0.05,0.3,-0.165149,0.20944,0.02,dwell_c3
52.1503,-0.05,0.3,-0.165149,0.20944,0.02,dwell_c3
52.2003,-0.05,0.3,-0.165149,0.20944,0.02,dwell_c3
52.2503,-0.05,0.3,-0.165149,0.20944,0.02,dwell_c3
52.3003,-0.05,0.3,-0.165149,0.20944,0.02,dwell_c3
52.3503,-0.05,0.3,-0.165149,0.20944,0.02,dwell_c3
52.4003,-0.05,0.3,-0.165149,0.20944,0.02,dwell_c3
52.4504,-0.05,0.3,-0.165149,0.20944,0.02,dwell_c3
52.5003,-0.05,0.3,-0.165149,0.20944,0.02,dwell_c3
52.5504,-0.05,0.3,-0.165149,0.20944,0.02,dwell_c3
52.6003,-0.05,0.3,-0.165149,0.20944,0.02,dwell_c3
52.6503,-0.05,0.3,-0.165149,0.20944,0.02,dwell_c3
52.7003,-0.05,0.3,-0.165149,0.20944,0.02,dwell_c3
52.7504,-0.05,0.3,-0.165149,0.20944,0.02,dwell_c3
52.8003,-0.05,0.3,-0.165149,0.20944,0.02,dwell_c3
52.8503,-0.05,0.3,-0.165149,0.20944,0.02,dwell_c3
52.9003,-0.05,0.3,-0.165149,0.20944,0.02,dwell_c3
52.9503,-0.05,0.3,-0.165149,0.20944,0.02,dwell_c3
53.0003,-0.05,0.3,-0.165149,0.20944,0.02,dwell_c3
53.0502,-0.05,0.3,-0.165149,0.20944,0.0,dip_up_c3
53.1003,-0.05,0.3,-0.165149,0.20944,0.0,dip_up_c3
53.1504,-0.05,0.3,-0.165149,0.20944,0.0,dip_up_c3
53.2003,-0.05,0.3,-0.165149,0.20944,0.0,dip_up_c3
53.2503,-0.05,0.3,-0.165149,0.20944,0.0,dip_up_c3
53.3003,-0.05,0.3,-0.165149,0.20944,0.0,dip_up_c3
53.3502,-0.05,0.295,-0.095184,0.354864,0.0,edge_c3
53.4003,-0.05,0.295,-0.095184,0.354864,0.0,edge_c3
53.4503,-0.05,0.295,-0.095184,0.354864,0.0,edge_c3
53.5003,-0.05,0.295,-0.095184,0.354864,0.0,edge_c3
53.5503,-0.05,0.295,-0.095184,0.354864,0.0,edge_c3
53.6003,-0.05,0.295,-0.095184,0.354864,0.0,edge_c3
53.6503,-0.05,0.29,0.024875,0.60066,0.0,edge_c3
53.7003,-0.05,0.29,0.024875,0.60066,0.0,edge_c3
53.7503,-0.05,0.29,0.024875,0.60066,0.0,edge_c3
53.8003,-0.05,0.29,0.024875,0.60066,0.0,edge_c3
53.8503,-0.05,0.29,0.024875,0.60066,0.0,edge_c3
53.9003,-0.05,0.29,0.024875,0.60066,0.0,edge_c3
53.9503,-0.05,0.285,0.093547,0.743876,0.0,edge_c3
54.0003,-0.05,0.285,0.093547,0.743876,0.0,edge_c3
54.0504,-0.05,0.285,0.093547,0.743876,0.0,edge_c3
54.1003,-0.05,0.285,0.093547,0.743876,0.0,edge_c3
54.1503,-0.05,0.285,0.093547,0.743876,0.0,edge_c3
54.2003,-0.05,0.285,0.093547,0.743876,0.0,edge_c3
54.2503,-0.05,0.28,0.146889,0.856635,0.0,edge_c3
54.3003,-0.05,0.28,0.146889,0.856635,0.0,edge_c3
54.3503,-0.05,0.28,0.146889,0.856635,0.0,edge_c3
54.4003,-0.05,0.28,0.146889,0.856635,0.0,edge_c3
54.4502,-0.05,0.28,0.146889,0.856635,0.0,edge_c3
54.5003,-0.05,0.28,0.146889,0.856635,0.0,edge_c3
54.5504,-0.05,0.275,0.191891,0.952929,0.0,edge_c3
54.6003,-0.05,0.275,0.191891,0.952929,0.0,edge_c3
54.6503,-0.05,0.275,0.191891,0.952929,0.0,edge_c3
54.7003,-0.05,0.275,0.191891,0.952929,0.0,edge_c3
54.7504,-0.05,0.275,0.191891,0.952929,0.0,edge_c3
54.8003,-0.05,0.275,0.191891,0.952929,0.0,edge_c3
54.8502,-0.05,0.27,0.231428,1.038518,0.0,edge_c3
54.9003,-0.05,0.27,0.231428,1.038518,0.0,edge_c3
54.9504,-0.05,0.27,0.231428,1.038518,0.0,edge_c3
55.0002,-0.05,0.27,0.231428,1.038518,0.0,edge_c3
55.0503,-0.05,0.27,0.231428,1.038518,0.0,edge_c3
55.1003,-0.05,0.27,0.231428,1.038518,0.0,edge_c3
55.1503,-0.05,0.265,0.267013,1.11644,0.0,edge_c3
55.2003,-0.05,0.265,0.267013,1.11644,0.0,edge_c3
55.2503,-0.05,0.265,0.267013,1.11644,0.0,edge_c3
55.3003,-0.05,0.265,0.267013,1.11644,0.0,edge_c3
55.3503,-0.05,0.265,0.267013,1.11644,0.0,edge_c3
55.4003,-0.05,0.265,0.267013,1.11644,0.0,edge_c3
55.4503,-0.05,0.26,0.299557,1.18853,0.0,edge_c3
55.5002,-0.05,0.26,0.299557,1.18853,0.0,edge_c3
55.5502,-0.05,0.26,0.299557,1.18853,0.0,edge_c3
55.6003,-0.05,0.26,0.299557,1.18853,0.0,edge_c3
55.6502,-0.05,0.26,0.299557,1.18853,0.0,edge_c3
55.7003,-0.05,0.26,0.299557,1.18853,0.0,edge_c3
55.7503,-0.05,0.255,0.329656,1.255995,0.0,edge_c3
55.8003,-0.05,0.255,0.329656,1.255995,0.0,edge_c3
55.8503,-0.05,0.255,0.329656,1.255995,0.0,edge_c3
55.9003,-0.05,0.255,0.329656,1.255995,0.0,edge_c3
55.9504,-0.05,0.255,0.329656,1.255995,0.0,edge_c3
56.0003,-0.05,0.255,0.329656,1.255995,0.0,edge_c3
56.0502,-0.05,0.25,0.357726,1.319682,0.0,edge_c3
56.1003,-0.05,0.25,0.357726,1.319682,0.0,edge_c3
56.1502,-0.05,0.25,0.357726,1.319682,0.0,edge_c3
56.2002,-0.05,0.25,0.357726,1.319682,0.0,edge_c3
56.2502,-0.05,0.25,0.357726,1.319682,0.0,edge_c3
56.3002,-0.05,0.25,0.357726,1.319682,0.0,edge_c3
56.3503,-0.05,0.245,0.384067,1.380207,0.0,edge_c3
56.4003,-0.05,0.245,0.384067,1.380207,0.0,edge_c3
56.4503,-0.05,0.245,0.384067,1.380207,0.0,edge_c3
56.5003,-0.05,0.245,0.384067,1.380207,0.0,edge_c3
56.5503,-0.05,0.245,0.384067,1.380207,0.0,edge_c3
56.6003,-0.05,0.245,0.384067,1.380207,0.0,edge_c3
56.6502,-0.05,0.24,0.408905,1.438041,0.0,edge_c3
56.7002,-0.05,0.24,0.408905,1.438041,0.0,edge_c3
56.7502,-0.05,0.24,0.408905,1.438041,0.0,edge_c3
56.8003,-0.05,0.24,0.408905,1.438041,0.0,edge_c3
56.8502,-0.05,0.24,0.408905,1.438041,0.0,edge_c3
56.9003,-0.05,0.24,0.408905,1.438041,0.0,edge_c3
56.9503,-0.05,0.235,0.432414,1.493547,0.0,edge_c3
57.0003,-0.05,0.235,0.432414,1.493547,0.0,edge_c3
57.0502,-0.05,0.235,0.432414,1.493547,0.0,edge_c3
57.1003,-0.05,0.235,0.432414,1.493547,0.0,edge_c3
57.1503,-0.05,0.235,0.432414,1.493547,0.0,edge_c3
57.2003,-0.05,0.235,0.432414,1.493547,0.0,edge_c3
57.2502,-0.05,0.23,0.454728,1.547016,0.0,edge_c3
57.3002,-0.05,0.23,0.454728,1.547016,0.0,edge_c3
57.3502,-0.05,0.23,0.454728,1.547016,0.0,edge_c3
57.4002,-0.05,0.23,0.454728,1.547016,0.0,edge_c3
57.4502,-0.05,0.23,0.454728,1.547016,0.0,edge_c3
57.5003,-0.05,0.23,0.454728,1.547016,0.0,edge_c3
57.5502,-0.05,0.225,0.475954,1.598685,0.0,edge_c3
57.6002,-0.05,0.225,0.475954,1.598685,0.0,edge_c3
57.6503,-0.05,0.225,0.475954,1.598685,0.0,edge_c3
57.7003,-0.05,0.225,0.475954,1.598685,0.0,edge_c3
57.7503,-0.05,0.225,0.475954,1.598685,0.0,edge_c3
57.8003,-0.05,0.225,0.475954,1.598685,0.0,edge_c3
57.8503,-0.05,0.22,0.496177,1.648746,0.0,edge_c3
57.9003,-0.05,0.22,0.496177,1.648746,0.0,edge_c3
57.9503,-0.05,0.22,0.496177,1.648746,0.0,edge_c3
58.0003,-0.05,0.22,0.496177,1.648746,0.0,edge_c3
58.0503,-0.05,0.22,0.496177,1.648746,0.0,edge_c3
58.1002,-0.05,0.22,0.496177,1.648746,0.0,edge_c3
58.1502,-0.05,0.215,0.515465,1.697363,0.0,edge_c3
58.2003,-0.05,0.215,0.515465,1.697363,0.0,edge_c3
58.2503,-0.05,0.215,0.515465,1.697363,0.0,edge_c3
58.3003,-0.05,0.215,0.515465,1.697363,0.0,edge_c3
58.3503,-0.05,0.215,0.515465,1.697363,0.0,edge_c3
58.4003,-0.05,0.215,0.515465,1.697363,0.0,edge_c3
58.4502,-0.05,0.21,0.533873,1.744673,0.0,edge_c3
58.5003,-0.05,0.21,0.533873,1.744673,0.0,edge_c3
58.5503,-0.05,0.21,0.533873,1.744673,0.0,edge_c3
58.6003,-0.05,0.21,0.533873,1.744673,0.0,edge_c3
58.6503,-0.05,0.21,0.533873,1.744673,0.0,edge_c3
58.7003,-0.05,0.21,0.533873,1.744673,0.0,edge_c3
58.7503,-0.05,0.205,0.551444,1.790792,0.0,edge_c3
58.8003,-0.05,0.205,0.551444,1.790792,0.0,edge_c3
58.8503,-0.05,0.205,0.551444,1.790792,0.0,edge_c3
58.9002,-0.05,0.205,0.551444,1.790792,0.0,edge_c3
58.9503,-0.05,0.205,0.551444,1.790792,0.0,edge_c3
59.0002,-0.05,0.205,0.551444,1.790792,0.0,edge_c3
